Frame,Clase,Confianza,X1,Y1,X2,Y2
0,persona,0.88,128,168,208,348
0,vehiculo,0.97,448,216,608,326
0,laptop,0.79,138,238,193,288
1,persona,0.896,132,168,212,348
1,vehiculo,0.969,442,216,602,326
1,laptop,0.802,142,238,197,288
2,persona,0.911,136,168,216,348
2,vehiculo,0.968,436,216,596,326
2,laptop,0.813,146,238,201,288
3,persona,0.925,140,168,220,348
3,vehiculo,0.965,430,216,590,326
3,laptop,0.821,150,238,205,288
4,persona,0.937,144,168,224,348
4,vehiculo,0.961,424,216,584,326
4,laptop,0.827,154,238,209,288
5,persona,0.947,148,168,228,348
5,vehiculo,0.957,418,216,578,326
5,laptop,0.83,158,238,213,288
6,persona,0.955,152,168,232,348
6,vehiculo,0.951,412,216,572,326
6,laptop,0.829,162,238,217,288
7,persona,0.959,156,168,236,348
7,vehiculo,0.945,406,216,566,326
7,laptop,0.825,166,238,221,288
8,persona,0.96,160,168,240,348
8,vehiculo,0.938,400,216,560,326
8,laptop,0.817,170,238,225,288
9,persona,0.958,164,168,244,348
9,vehiculo,0.931,394,216,554,326
9,laptop,0.807,174,238,229,288
10,persona,0.953,168,168,248,348
10,vehiculo,0.924,388,216,548,326
10,laptop,0.796,178,238,233,288
11,persona,0.945,172,168,252,348
11,vehiculo,0.916,382,216,542,326
11,laptop,0.784,182,238,237,288
12,persona,0.934,176,168,256,348
12,vehiculo,0.909,376,216,536,326
12,laptop,0.772,186,238,241,288
13,persona,0.921,180,168,260,348
13,vehiculo,0.901,370,216,530,326
13,laptop,0.762,190,238,245,288
14,persona,0.907,184,168,264,348
14,vehiculo,0.895,364,216,524,326
14,laptop,0.755,194,238,249,288
15,persona,0.891,188,168,268,348
15,vehiculo,0.889,358,216,518,326
16,persona,0.875,192,168,272,348
16,vehiculo,0.883,352,216,512,326
17,persona,0.86,196,168,276,348
17,vehiculo,0.878,346,216,506,326
18,persona,0.845,200,168,280,348
18,vehiculo,0.875,340,216,500,326
19,persona,0.831,204,168,284,348
19,vehiculo,0.872,334,216,494,326
20,persona,0.819,208,168,288,348
20,vehiculo,0.871,328,216,488,326
21,persona,0.81,212,168,292,348
21,vehiculo,0.87,322,216,482,326
22,persona,0.804,216,168,296,348
22,vehiculo,0.871,316,216,476,326
23,persona,0.801,220,168,300,348
23,vehiculo,0.872,310,216,470,326
24,persona,0.8,224,168,304,348
24,vehiculo,0.875,304,216,464,326
25,persona,0.803,228,168,308,348
25,vehiculo,0.879,298,216,458,326
26,persona,0.809,232,168,312,348
26,vehiculo,0.884,292,216,452,326
27,persona,0.818,236,168,316,348
27,vehiculo,0.889,286,216,446,326
28,persona,0.829,240,168,320,348
28,vehiculo,0.895,280,216,440,326
29,persona,0.843,244,168,324,348
29,vehiculo,0.902,274,216,434,326
30,persona,0.858,248,168,328,348
30,vehiculo,0.909,268,216,428,326
30,laptop,0.806,258,238,313,288
31,persona,0.873,252,168,332,348
31,vehiculo,0.917,262,216,422,326
31,laptop,0.795,262,238,317,288
32,persona,0.889,256,168,336,348
32,vehiculo,0.924,256,216,416,326
32,laptop,0.783,266,238,321,288
33,persona,0.905,260,168,340,348
33,vehiculo,0.932,250,216,410,326
33,laptop,0.772,270,238,325,288
34,persona,0.92,264,168,344,348
34,vehiculo,0.939,244,216,404,326
34,laptop,0.762,274,238,329,288
35,persona,0.933,268,168,348,348
35,vehiculo,0.946,238,216,398,326
35,laptop,0.755,278,238,333,288
36,persona,0.943,272,168,352,348
36,vehiculo,0.952,232,216,392,326
36,laptop,0.751,282,238,337,288
37,persona,0.952,276,168,356,348
37,vehiculo,0.957,226,216,386,326
37,laptop,0.75,286,238,341,288
38,persona,0.957,280,168,360,348
38,vehiculo,0.962,220,216,380,326
38,laptop,0.753,290,238,345,288
39,persona,0.96,284,168,364,348
39,vehiculo,0.965,214,216,374,326
39,laptop,0.76,294,238,349,288
40,persona,0.959,288,168,368,348
40,vehiculo,0.968,208,216,368,326
40,laptop,0.769,298,238,353,288
41,persona,0.955,292,168,372,348
41,vehiculo,0.97,202,216,362,326
41,laptop,0.779,302,238,357,288
42,persona,0.948,296,168,376,348
42,vehiculo,0.97,196,216,356,326
42,laptop,0.791,306,238,361,288
43,persona,0.939,300,168,380,348
43,vehiculo,0.969,190,216,350,326
43,laptop,0.803,310,238,365,288
44,persona,0.927,304,168,384,348
44,vehiculo,0.968,184,216,344,326
44,laptop,0.814,314,238,369,288
45,persona,0.913,308,168,388,348
45,vehiculo,0.965,178,216,338,326
46,persona,0.898,312,168,392,348
46,vehiculo,0.961,172,216,332,326
47,persona,0.882,316,168,396,348
47,vehiculo,0.956,166,216,326,326
48,persona,0.866,320,168,400,348
48,vehiculo,0.95,160,216,320,326
49,persona,0.851,324,168,404,348
49,vehiculo,0.944,154,216,314,326
50,persona,0.836,328,168,408,348
50,vehiculo,0.937,148,216,308,326
51,persona,0.824,332,168,412,348
51,vehiculo,0.93,142,216,302,326
52,persona,0.814,336,168,416,348
52,vehiculo,0.923,136,216,296,326
53,persona,0.806,340,168,420,348
53,vehiculo,0.915,130,216,290,326
54,persona,0.802,344,168,424,348
54,vehiculo,0.908,124,216,284,326
55,persona,0.8,348,168,428,348
55,vehiculo,0.901,118,216,278,326
56,persona,0.802,352,168,432,348
56,vehiculo,0.894,112,216,272,326
57,persona,0.806,356,168,436,348
57,vehiculo,0.888,106,216,266,326
58,persona,0.814,360,168,440,348
58,vehiculo,0.883,100,216,260,326
59,persona,0.825,364,168,444,348
59,vehiculo,0.878,94,216,254,326
